{"svm__C": [4.895467982642922], "svm__gamma": [7.525818386930191]}