{"svm__C": [15749.111781368896], "svm__gamma": [0.007694998143813051]}