{"svm__C": [684.1353844489704], "svm__gamma": [3.8774637730811836]}