,precision,recall,f1-score,support
Neg. Trend,0.9538834951456311,0.9562043795620438,0.9550425273390036,411.0
Pos. Trend,0.9798432250839866,0.9787472035794184,0.9792949076664802,894.0
accuracy,0.9716475095785441,0.9716475095785441,0.9716475095785441,0.9716475095785441
macro avg,0.9668633601148089,0.967475791570731,0.9671687175027419,1305.0
weighted avg,0.9716674020919067,0.9716475095785441,0.9716568016782865,1305.0
