,precision,recall,f1-score,support
Neg. Trend,0.30303030303030304,1.0,0.4651162790697675,20.0
Pos. Trend,1.0,0.6229508196721312,0.7676767676767677,122.0
accuracy,0.676056338028169,0.676056338028169,0.676056338028169,0.676056338028169
macro avg,0.6515151515151515,0.8114754098360656,0.6163965233732676,142.0
weighted avg,0.9018352539479301,0.676056338028169,0.7250626143518382,142.0
