,precision,recall,f1-score,support
Neg. Trend,0.31746031746031744,1.0,0.4819277108433735,20.0
Pos. Trend,1.0,0.6475409836065574,0.7860696517412936,122.0
accuracy,0.6971830985915493,0.6971830985915493,0.6971830985915493,0.6971830985915493
macro avg,0.6587301587301587,0.8237704918032787,0.6339986812923335,142.0
weighted avg,0.9038676503465236,0.6971830985915493,0.7432327586570796,142.0
