,precision,recall,f1-score,support
Neg. Trend,0.9947643979057592,0.9947643979057592,0.9947643979057592,191.0
Pos. Trend,0.9961538461538462,0.9961538461538462,0.9961538461538462,260.0
accuracy,0.9955654101995566,0.9955654101995566,0.9955654101995566,0.9955654101995566
macro avg,0.9954591220298027,0.9954591220298027,0.9954591220298027,451.0
weighted avg,0.9955654101995566,0.9955654101995566,0.9955654101995566,451.0
