,precision,recall,f1-score,support
Neg. Trend,0.9947916666666666,1.0,0.9973890339425587,191.0
Pos. Trend,1.0,0.9961538461538462,0.9980732177263969,260.0
accuracy,0.9977827050997783,0.9977827050997783,0.9977827050997783,0.9977827050997783
macro avg,0.9973958333333333,0.9980769230769231,0.9977311258344779,451.0
weighted avg,0.9977942535107169,0.9977827050997783,0.9977834636183857,451.0
