,precision,recall,f1-score,support
Neg. Trend,0.35714285714285715,1.0,0.5263157894736842,20.0
Pos. Trend,1.0,0.7049180327868853,0.8269230769230769,122.0
accuracy,0.7464788732394366,0.7464788732394366,0.7464788732394366,0.7464788732394366
macro avg,0.6785714285714286,0.8524590163934427,0.6766194331983806,142.0
weighted avg,0.9094567404426559,0.7464788732394366,0.7845840223527398,142.0
